Product Category,Product Link,Name,New Price,Old Price,Discount,Image Source
Tool Shop,http://yayvo.com/remote-for-changhong-ruba-led-lcd-tv-universal.html,Remote for Changhong Ruba LED & LCD TV Universal,Rs.698,Rs.999,30%,https://d2idx9epdcbzys.cloudfront.net/media/catalog/product/cache/1/small_image/160x200/9df78eab33525d08d6e5fb8d27136e95/9/d/9de1fb7c8d98fd74c07534219b2e0090_2.jpg
Tabarruk,http://yayvo.com/i99-wireless-airpods-a-airpods-3.html,i99 Wireless Airpods â Airpods,"Rs.2,799","Rs.3,999",30%,https://d2idx9epdcbzys.cloudfront.net/media/catalog/product/cache/1/small_image/160x200/9df78eab33525d08d6e5fb8d27136e95/d/0/d073b36f71828d192f42a4e0f2000d32.jpeg
Boya,http://yayvo.com/boya-by-m1-compact-on-camera-video-microphone-youtube-vlogging-recording-mic-for-phone-smartphone.html,BOYA BY-M1 Compact On-Camera Video Microphone Youtube Vlogging Recording Mic for Phone Smartphone,"Rs.3,199",None,None,https://d2idx9epdcbzys.cloudfront.net/media/catalog/product/cache/1/small_image/160x200/9df78eab33525d08d6e5fb8d27136e95/7/5/75d8cd93a79b76ab3c1009f118ee220d_8.jpg
LapTab,http://yayvo.com/spy-hidden-video-camera-in-shirt-button-with-mic-3.html,Spy Hidden Video Camera in Shirt Button with mic,"Rs.1,799","Rs.3,800",53%,https://d2idx9epdcbzys.cloudfront.net/media/catalog/product/cache/1/small_image/160x200/9df78eab33525d08d6e5fb8d27136e95/8/d/8deecdf95dba4209f55cfbffba435804_1.jpg
Strings,http://yayvo.com/strings-album-30-audio-cassette.html,Strings Album 30 Audio Cassette,Rs.599,None,None,https://d2idx9epdcbzys.cloudfront.net/media/catalog/product/cache/1/small_image/160x200/9df78eab33525d08d6e5fb8d27136e95/e/8/e8aa4b5459c69b1984b66941045b6a8e.jpg
Tool Shop,http://yayvo.com/camelion-intelligent-fast-battery-mini-travel-charger-for-aa-aaa-9v-3.html,Camelion Intelligent Fast Battery mini Travel Charger for AA/AAA/9V,Rs.999,"Rs.1,500",33%,https://d2idx9epdcbzys.cloudfront.net/media/catalog/product/cache/1/small_image/160x200/9df78eab33525d08d6e5fb8d27136e95/d/e/debe5f1b83751993c7b1ef1f1cfbff57.jpg
Living Style,http://yayvo.com/gorilla-camera-and-mobile-tripod-stand-811-black-3.html,Gorilla Camera And Mobile Tripod Stand 811 - Black,Rs.990,None,None,https://d2idx9epdcbzys.cloudfront.net/media/catalog/product/cache/1/small_image/160x200/9df78eab33525d08d6e5fb8d27136e95/c/1/c187b7dc881b7ce11357a2fd085afd0b_4.jpg
Tool Shop,http://yayvo.com/universal-black-remote-for-eco-star-led-lcd-tv-7.html,Universal Black Remote for Eco Star LED & LCD TV,Rs.698,Rs.999,30%,https://d2idx9epdcbzys.cloudfront.net/media/catalog/product/cache/1/small_image/160x200/9df78eab33525d08d6e5fb8d27136e95/b/0/b073a2bc5d46fbbd20f8e06eac47bcb3_2.jpg
The AZY,http://yayvo.com/pubg-gamepad-5in1-for-android-and-ios-2.html,PUBG Gamepad 5in1 for Android and IOS,Rs.580,Rs.850,32%,https://d2idx9epdcbzys.cloudfront.net/media/catalog/product/cache/1/small_image/160x200/9df78eab33525d08d6e5fb8d27136e95/f/f/ff83fb9d4471db204cca0433c169f488.jpg
Strings,http://yayvo.com/strings-official-album-30-audio-cd-3.html,Strings Official Album 30 Audio CD,Rs.299,None,None,https://d2idx9epdcbzys.cloudfront.net/media/catalog/product/cache/1/small_image/160x200/9df78eab33525d08d6e5fb8d27136e95/d/8/d8172413a8581c4c1aa478aabbeafda3.jpg
Tabarruk,http://yayvo.com/f10-smart-watch.html,F10 Smart Watch,"Rs.3,500","Rs.4,000",12%,https://d2idx9epdcbzys.cloudfront.net/media/catalog/product/cache/1/small_image/160x200/9df78eab33525d08d6e5fb8d27136e95/6/a/6a092648eacbc1a472369162896642ba_1.jpg
Other,http://yayvo.com/led-studio-camera-ring-light-photography-16cm-64-led-bulb-photo-dimmable-range-1-10-for-make-up-live-streaming-youtubers-tiktok-blogging-selfie-video.html,LED Studio Camera Ring Light Photography 16cm | 64 LED Bulb | Photo Dimmable Range 1-10 | for Make Up | Live Streaming | Youtubers | Tiktok | Blogging | Selfie | Video,"Rs.1,299","Rs.1,800",28%,https://d2idx9epdcbzys.cloudfront.net/media/catalog/product/cache/1/small_image/160x200/9df78eab33525d08d6e5fb8d27136e95/d/5/d53e86561a96522999b253cc1f5de6e3.jpg
Other,http://yayvo.com/neckband-double-fan-mini-usb-portable-handsfree-sports-fan-3.html,Neckband Double Fan Mini USB Portable Handsfree Sports Fan,"Rs.1,199","Rs.1,500",20%,https://d2idx9epdcbzys.cloudfront.net/media/catalog/product/cache/1/small_image/160x200/9df78eab33525d08d6e5fb8d27136e95/0/6/06107fe7f010c1a133bd64b83778a7d7.jpg
Other,http://yayvo.com/bundle-of-3-car-mobile-phone-holder-stand-car-charger-dual-usb-port-car-universal-charger-5-in-1.html,Bundle of 3 - Car Mobile Phone Holder Stand + Car Charger Dual USB Port + Car Universal Charger 5 in 1,Rs.799,"Rs.1,299",38%,https://d2idx9epdcbzys.cloudfront.net/media/catalog/product/cache/1/small_image/160x200/9df78eab33525d08d6e5fb8d27136e95/8/4/84f4566c4093fc75c36137f23bdf897c.jpg
Ahstore,http://yayvo.com/mini-portable-s6-3-magnetic-suction-bluetooth-4-1-handsfree-sport-wireless-heavy-bass-noise-reduction-handfree-4.html,Mini Portable S6-3 Magnetic Suction Bluetooth 4.1 Handsfree Sport Wireless Heavy Bass Noise Reduction Handfree,Rs.425,Rs.499,15%,https://d2idx9epdcbzys.cloudfront.net/media/catalog/product/cache/1/small_image/160x200/9df78eab33525d08d6e5fb8d27136e95/8/0/8083eeb945acd4bb53ea621ef5993bf8_1.jpg
Shopping Solutions,http://yayvo.com/professional-wireless-gaming-mouse-3.html,Professional Wireless Gaming Mouse,Rs.999,"Rs.1,999",50%,https://d2idx9epdcbzys.cloudfront.net/media/catalog/product/cache/1/small_image/160x200/9df78eab33525d08d6e5fb8d27136e95/0/c/0c0f172db6459999448caf867968b94f.JPG
Coolbell,http://yayvo.com/cb-3136-waterproof-15-6a-inch-laptop-business-backpack-blue-2.html,CB 3136 Waterproof 15.6³ Inch Laptop Business Backpack Blue,"Rs.2,344","Rs.3,047",23%,https://d2idx9epdcbzys.cloudfront.net/media/catalog/product/cache/1/small_image/160x200/9df78eab33525d08d6e5fb8d27136e95/f/2/f21f6a84808c5537ffc22efc240850f9_3.jpg
AL-KAREEM,http://yayvo.com/ipazzport-wireless-2-4ghz-92-key-keyboard.html,IPazzport Wireless 2.4GHz 92-Key Keyboard,"Rs.1,199",None,None,https://d2idx9epdcbzys.cloudfront.net/media/catalog/product/cache/1/small_image/160x200/9df78eab33525d08d6e5fb8d27136e95/f/0/f02e6af38ddd14eac8112ef587e0c386_1.jpg
Muzammil Store,http://yayvo.com/lenovo-b210-laptop-backpack-15-6-inch-casual-backpack-black-3.html,Lenovo B210 Laptop Backpack 15.6 Inch Casual Backpack - Black,"Rs.1,999",None,None,https://d2idx9epdcbzys.cloudfront.net/media/catalog/product/cache/1/small_image/160x200/9df78eab33525d08d6e5fb8d27136e95/1/2/12481850464e50fb2bc4869ef1b1ec8c_3.jpg
Living Style,http://yayvo.com/laptop-bags-sleeve-notebook-case-for-13-inch-black-3.html,Laptop Bags Sleeve Notebook Case For 13 Inch Black,"Rs.1,850",None,None,https://d2idx9epdcbzys.cloudfront.net/media/catalog/product/cache/1/small_image/160x200/9df78eab33525d08d6e5fb8d27136e95/7/7/77ddadcba041720d1b233f69877ec08b_5.jpg
Red Dragon,http://yayvo.com/redragon-gaming-mouse-m602-1-nemeanlion.html,REDRAGON GAMING MOUSE M602-1 NEMEANLION,"Rs.1,800","Rs.3,300",45%,https://d2idx9epdcbzys.cloudfront.net/media/catalog/product/cache/1/small_image/160x200/9df78eab33525d08d6e5fb8d27136e95/1/d/1d69e946718d2195c1143af67cf4723b_1.jpg
Dicota,http://yayvo.com/laptop-bag-black-7.html,Laptop Bag-Black,Rs.890,"Rs.1,300",32%,https://d2idx9epdcbzys.cloudfront.net/media/catalog/product/cache/1/small_image/160x200/9df78eab33525d08d6e5fb8d27136e95/a/5/a5b2d31c35f66d0d6db2a61204ce8bf1.jpg
PQWH,http://yayvo.com/waterproof-shower-speaker-scratches-on-product-3.html,Waterproof Shower Speaker Scratches on Product Unsealed,Rs.999,None,None,https://d2idx9epdcbzys.cloudfront.net/media/catalog/product/cache/1/small_image/160x200/9df78eab33525d08d6e5fb8d27136e95/a/7/a7812a53dfbdb8e97fcdbddd80059144_1.jpg
Living Style,http://yayvo.com/easy-cap-4-port-usb-converter-black-2.html,Easy Cap - 4 Port USB Converter - BLACK,Rs.890,None,None,https://d2idx9epdcbzys.cloudfront.net/media/catalog/product/cache/1/small_image/160x200/9df78eab33525d08d6e5fb8d27136e95/9/2/92c05bfe15aae6e7270d5c194cf6c4ce_13.jpg
PQWH,http://yayvo.com/ptcl-3g-nitro-cloud-scratches-on-product-3.html,PTCL 3G Nitro Cloud Scratches on Product Unsealed,Rs.699,None,None,https://d2idx9epdcbzys.cloudfront.net/media/catalog/product/cache/1/small_image/160x200/9df78eab33525d08d6e5fb8d27136e95/9/5/952e58f71fea39736a3939f362ea73d0_1.jpg
Living Style,http://yayvo.com/laptop-side-sleeves-15-inch-black-3.html,Laptop Side Sleeves 15 Inch - Black,Rs.690,None,None,https://d2idx9epdcbzys.cloudfront.net/media/catalog/product/cache/1/small_image/160x200/9df78eab33525d08d6e5fb8d27136e95/a/a/aa6606768c015a2ea27360b9a211f58a_5.jpg
UmerBaba,http://yayvo.com/w1209-temperature-controller-3.html,W1209 Temperature Controller,Rs.400,None,None,https://d2idx9epdcbzys.cloudfront.net/media/catalog/product/cache/1/small_image/160x200/9df78eab33525d08d6e5fb8d27136e95/7/a/7affe4f728b3e3cd34078b40fa6e2a0a_1.jpg
GulAhmed,http://yayvo.com/white-unstitched-3-pcs-lawn-suit-lsv-14-195979.html,White Unstitched 3 pcs Lawn Suit-LSV-14 -195979,"Rs.12,905",None,None,https://d2idx9epdcbzys.cloudfront.net/media/catalog/product/cache/1/small_image/160x200/9df78eab33525d08d6e5fb8d27136e95/c/3/c3c0c0655e025be768d7ce04ee968711_2.jpg
Zellbury,http://yayvo.com/multicolour-unstitched-3-pcs-suit-224.html,Multicolour Unstitched 3 PCS Suit,"Rs.2,790",None,None,https://d2idx9epdcbzys.cloudfront.net/media/catalog/product/cache/1/small_image/160x200/9df78eab33525d08d6e5fb8d27136e95/c/9/c9e0c5c05fcea52241c2c43aa78b2cd1_1.jpg
GulAhmed,http://yayvo.com/green-unstitched-digital-printed-shirtdupatta-bottom.html,Green Unstitched Digital Printed ShirtDupatta & Bottom,"Rs.3,335",None,None,https://d2idx9epdcbzys.cloudfront.net/media/catalog/product/cache/1/small_image/160x200/9df78eab33525d08d6e5fb8d27136e95/6/3/63056f3653d776ca24ce55a958147371_1.jpg
GulAhmed,http://yayvo.com/d-green-unstitched-3-pcs-lawn-suit-cl-479-a-195499.html,D.Green Unstitched 3 pcs Lawn Suit-CL-479 A -195499,"Rs.3,215",None,None,https://d2idx9epdcbzys.cloudfront.net/media/catalog/product/cache/1/small_image/160x200/9df78eab33525d08d6e5fb8d27136e95/f/c/fcb4fed4c02e3fbab5ea3acca9cf70b5_1.jpg
Zardi,http://yayvo.com/flower-metal-ring-for-women-silver-ar49.html,Flower Metal Ring For Women - Silver - AR49,Rs.399,Rs.499,20%,https://d2idx9epdcbzys.cloudfront.net/media/catalog/product/cache/1/small_image/160x200/9df78eab33525d08d6e5fb8d27136e95/d/8/d82fe6fd758b2be69b2c8d0cf526bdd6_1.png
Zellbury,http://yayvo.com/pre-festive-unstitched-19-lawn-3-pcs-suit-multi-color-zwusce319145.html,Pre Festive Unstitched '19-Lawn-3 Pcs Suit-Multi Color-Zwusce319145,"Rs.2,290",None,None,https://d2idx9epdcbzys.cloudfront.net/media/catalog/product/cache/1/small_image/160x200/9df78eab33525d08d6e5fb8d27136e95/7/6/76ba85ff9303a18595da634592fa517c.jpg
Khas stores,http://yayvo.com/unstitched-embroidered-3-pcs-multi-lawn-suit-kla-9071.html,Unstitched Embroidered 3 - Pcs Multi Lawn Suit - KLA-9052,"Rs.1,988","Rs.2,338",15%,https://d2idx9epdcbzys.cloudfront.net/media/catalog/product/cache/1/small_image/160x200/9df78eab33525d08d6e5fb8d27136e95/4/b/4be7e6c8a0e6e2932cc631c8c1406060_1.jpg
Khas stores,http://yayvo.com/3-pcs-unstitched-khaddar-suit-emerald-royality-kkh-14036.html,3 Pcs Unstitched Khaddar Suit Emerald Royality Kkh-14036,"Rs.4,199",None,None,https://d2idx9epdcbzys.cloudfront.net/media/catalog/product/cache/1/small_image/160x200/9df78eab33525d08d6e5fb8d27136e95/9/e/9e735f13e53893ba0650be362fc14a3d.jpg
Khas stores,http://yayvo.com/multi-stitched-1-pcs-shirt-kht-020.html,Multi Stitched 1 pcs Shirt KHT-020,"Rs.1,778","Rs.2,223",20%,https://d2idx9epdcbzys.cloudfront.net/media/catalog/product/cache/1/small_image/160x200/9df78eab33525d08d6e5fb8d27136e95/5/9/595a35adabcdfc4aa6b141d5ac4e3ad4_3.jpg
Fashion Cafe,http://yayvo.com/ferozi-georgette-tunic-17646.html,Ferozi Georgette Tunic-17646,Rs.799,Rs.999,20%,https://d2idx9epdcbzys.cloudfront.net/media/catalog/product/cache/1/small_image/160x200/9df78eab33525d08d6e5fb8d27136e95/0/0/00bdacb1c273709550249e4f82712f2e_1.jpg
Losha International,http://yayvo.com/double-layered-wirefree-bra-hollyhock.html,Double Layered Wirefree Bra - Hollyhock,"Rs.1,550",None,None,https://d2idx9epdcbzys.cloudfront.net/media/catalog/product/cache/1/small_image/160x200/9df78eab33525d08d6e5fb8d27136e95/b/e/be5de8f2ae8d5cf5ef8290f92062eb55.jpg
Sitara,http://yayvo.com/green-stitched-floral-top-e038.html,Green Stitched Floral Top - E038,"Rs.2,163",None,None,https://d2idx9epdcbzys.cloudfront.net/media/catalog/product/cache/1/small_image/160x200/9df78eab33525d08d6e5fb8d27136e95/a/b/abfc394363f5964d34037d792afabcfb.jpg
Regal Outfit,http://yayvo.com/pack-of-two-pakistan-chand-tara-print-couple-t-shirts.html,Pack of two Pakistan Chand Tara Print Couple t-Shirts,Rs.599,Rs.999,40%,https://d2idx9epdcbzys.cloudfront.net/media/catalog/product/cache/1/small_image/160x200/9df78eab33525d08d6e5fb8d27136e95/e/3/e394dd2c50945becfd0fa80141d84e2f_2.jpeg
SN Accessories,http://yayvo.com/new-plum-flower-butterfly-with-pearls-studs-earrings.html,New Plum Flower Butterfly With Pearls Studs Earrings,Rs.495,Rs.550,10%,https://d2idx9epdcbzys.cloudfront.net/media/catalog/product/cache/1/small_image/160x200/9df78eab33525d08d6e5fb8d27136e95/e/5/e5351ea35ee4379375a2a80cefbe518c.JPG
tomi,http://yayvo.com/tomi-t069-maroon-golden-leather-stylish-quartz-watch-for-womana-s.html,TOMI T069 Maroon & Golden Leather Stylish Quartz Watch For Womanâs,"Rs.1,350","Rs.2,700",50%,https://d2idx9epdcbzys.cloudfront.net/media/catalog/product/cache/1/small_image/160x200/9df78eab33525d08d6e5fb8d27136e95/4/8/48f6dbcbc0f819c6cdc919540180368b_2.jpg
SN Accessories,http://yayvo.com/pretty-new-style-cute-flower-butterfly-studs-earring.html, Pretty New Style Cute Flower Butterfly Studs Earring,Rs.495,Rs.550,10%,https://d2idx9epdcbzys.cloudfront.net/media/catalog/product/cache/1/small_image/160x200/9df78eab33525d08d6e5fb8d27136e95/4/9/492331ddd897ba866a5ec2d1a1123478.JPG
Kureshi Collections,http://yayvo.com/silver-stainless-steel-bracelet-love-heart-lock-bangle-key-pendants-necklace.html,Silver Stainless Steel Bracelet Love Heart Lock Bangle Key Pendants Necklace,"Rs.1,499","Rs.1,999",25%,https://d2idx9epdcbzys.cloudfront.net/media/catalog/product/cache/1/small_image/160x200/9df78eab33525d08d6e5fb8d27136e95/c/4/c4fb7dee5c6b3a043900021ec4d99fdf.jpg
Everyday Wear,http://yayvo.com/features-br-fabric-cotton-br-comfortable-br-excellent-quality-br-good-shape-br-looks-hot-for-women-1184.html,Pack of 3 Roses Luxury Super Lady Cotton 2 Hooks Plain Bra Multicolour for Women,"Rs.1,399","Rs.1,678",17%,https://d2idx9epdcbzys.cloudfront.net/media/catalog/product/cache/1/small_image/160x200/9df78eab33525d08d6e5fb8d27136e95/7/8/7846302488e1a7154342d232a3bf49ab_2.jpg
U&I by Aneesa Unus,http://yayvo.com/cali-top-au002-d.html,Cali Top - AU002-D,"Rs.1,350","Rs.1,800",25%,https://d2idx9epdcbzys.cloudfront.net/media/catalog/product/cache/1/small_image/160x200/9df78eab33525d08d6e5fb8d27136e95/f/f/ff6f8358ece5464e201357c55e1b8ed8_5.JPG
GulAhmed,http://yayvo.com/green-unstitched-3-pcs-lawn-suit-tl-217-b-195663.html,Green Unstitched 2 pcs Lawn Suit-TL-217 B -195663,"Rs.2,795",None,None,https://d2idx9epdcbzys.cloudfront.net/media/catalog/product/cache/1/small_image/160x200/9df78eab33525d08d6e5fb8d27136e95/b/7/b7051ee56b05425646f6eace2c8a1aaa_4.jpg
Fashion Boutique,http://yayvo.com/2018-women-sexy-mini-dress-nightwear.html,2018 Women Sexy Mini Dress Nightwear,"Rs.1,200",None,None,https://d2idx9epdcbzys.cloudfront.net/media/catalog/product/cache/1/small_image/160x200/9df78eab33525d08d6e5fb8d27136e95/f/9/f917b33147868dfd68328daec4dcb62b_2_1.jpg
Zellbury,http://yayvo.com/pre-festive-unstitched-19-jacquard-3-pcs-suit-multi-color-zwusce319169.html,Pre Festive Unstitched '19-Jacquard-3 Pcs Suit-Multi Color-Zwusce319169,"Rs.3,490",None,None,https://d2idx9epdcbzys.cloudfront.net/media/catalog/product/cache/1/small_image/160x200/9df78eab33525d08d6e5fb8d27136e95/9/3/9383e09c96f701f04020721acd86581c.jpg
Shopping Solutions,http://yayvo.com/crystal-zircon-rose-gold-pair-ring.html,Crystal Zircon Rose Gold Pair Ring,"Rs.1,199","Rs.1,999",40%,https://d2idx9epdcbzys.cloudfront.net/media/catalog/product/cache/1/small_image/160x200/9df78eab33525d08d6e5fb8d27136e95/c/1/c1c5c6bbe873bd665bc739f04857005b_1.JPG
Khas stores,http://yayvo.com/unstiched-3-pcs-linen-suit-klc-15012.html,Unstiched 3 Pcs Linen Suit KLC-15012,"Rs.4,199",None,None,https://d2idx9epdcbzys.cloudfront.net/media/catalog/product/cache/1/small_image/160x200/9df78eab33525d08d6e5fb8d27136e95/b/9/b9c55f5bc66f9a7a67f118c21e104dce.jpg
Meeshas Collections,http://yayvo.com/black-synthetic-leather-handbag-for-women-4.html,Black Synthetic Leather Handbag For Women(Medium),"Rs.1,050",None,None,https://d2idx9epdcbzys.cloudfront.net/media/catalog/product/cache/1/small_image/160x200/9df78eab33525d08d6e5fb8d27136e95/f/b/fb52ab8d82ffb8fe54ba12763a3830a1_2.jpg
Khas stores,http://yayvo.com/multi-stitched-1-pcs-shirt-kht-012.html,Multi Stitched 1 pcs Shirt KHT-012,"Rs.2,995","Rs.3,744",20%,https://d2idx9epdcbzys.cloudfront.net/media/catalog/product/cache/1/small_image/160x200/9df78eab33525d08d6e5fb8d27136e95/6/b/6bc28495408975be247a2fae1b050fb7_3.jpg
Fashion Cafe,http://yayvo.com/multicolour-lawn-printed-kurti-with-dupatta-for-women-2-pcs-32.html,Multicolour Lawn Printed Kurti with Dupatta for Women - 2 Pcs,"Rs.1,299","Rs.1,699",24%,https://d2idx9epdcbzys.cloudfront.net/media/catalog/product/cache/1/small_image/160x200/9df78eab33525d08d6e5fb8d27136e95/b/2/b2ac67aeed40193afdde2f5af2b6638d.JPG
SN Accessories,http://yayvo.com/flowers-peacock-feathers-plumes-long-chain-pendant.html,Flowers Peacock Feathers Plumes Long Chain Pendant ,Rs.675,Rs.750,10%,https://d2idx9epdcbzys.cloudfront.net/media/catalog/product/cache/1/small_image/160x200/9df78eab33525d08d6e5fb8d27136e95/7/e/7ed3c826ae8f621b75423acc32ab821a.JPG
Syriza Textile,http://yayvo.com/off-white-unstitched-3-pcs-chikan-lawn-suit.html,Sea Green Unstitched 3-Pcs Chikan Lawn Suit,"Rs.2,950","Rs.3,250",9%,https://d2idx9epdcbzys.cloudfront.net/media/catalog/product/cache/1/small_image/160x200/9df78eab33525d08d6e5fb8d27136e95/f/e/fed23614f514a2352b8f27f3f7c441a8_1.jpg
Itsay,http://yayvo.com/silver-micro-pave-cubic-zirconia-metal-ring-ua786178pk.html,Silver Micro Pave Cubic Zirconia Metal Ring-UA786178PK,Rs.927,"Rs.1,278",27%,https://d2idx9epdcbzys.cloudfront.net/media/catalog/product/cache/1/small_image/160x200/9df78eab33525d08d6e5fb8d27136e95/a/4/a42756fc97b25103c746119bf0f5dcb3_10.jpg
Regal Outfit,http://yayvo.com/pack-of-four-cotton-printed-t-shirts-deal-for-her-4.html,Pack of Four Cotton Printed T-Shirts Deal for Her,Rs.999,"Rs.1,600",38%,https://d2idx9epdcbzys.cloudfront.net/media/catalog/product/cache/1/small_image/160x200/9df78eab33525d08d6e5fb8d27136e95/d/6/d67616160be6fcf9e71e6afc62fbf596_1.jpeg
Karachi Kings,http://yayvo.com/blue-official-t-shirt-kk-001.html,Original Karachi Kings 2018 Team Jersey - KK-001,Rs.199,Rs.499,60%,https://d2idx9epdcbzys.cloudfront.net/media/catalog/product/cache/1/small_image/160x200/9df78eab33525d08d6e5fb8d27136e95/f/1/f16e243604e76b8a800d5a3a96833703_30.jpg
tomi,http://yayvo.com/tomi-t071-black-green-silver-stylish-quartz-watch-for-man-woman.html,"TOMI T071 Black, Green & Silver Stylish Quartz Watch For Man & Woman","Rs.1,800","Rs.3,600",50%,https://d2idx9epdcbzys.cloudfront.net/media/catalog/product/cache/1/small_image/160x200/9df78eab33525d08d6e5fb8d27136e95/2/c/2c8ba875566054f03b7e362ec6c7b15b_2.jpg
Regal Outfit,http://yayvo.com/pakistan-14th-august-printed-t-shirt-for-boys.html,Pakistan 14th August Printed t-Shirt for Boys,Rs.350,Rs.600,42%,https://d2idx9epdcbzys.cloudfront.net/media/catalog/product/cache/1/small_image/160x200/9df78eab33525d08d6e5fb8d27136e95/d/6/d6baaea8689baa179f557fdba6b78363_5.jpeg
Karachi Kings,http://yayvo.com/blue-round-neck-plain-shirt-kk-007.html,Blue Round Neck 2018 Plain Shirt-KK-007,Rs.99,Rs.199,50%,https://d2idx9epdcbzys.cloudfront.net/media/catalog/product/cache/1/small_image/160x200/9df78eab33525d08d6e5fb8d27136e95/c/1/c16f75c1cb3671b7f3008fbde6924c9d_12.jpg
Naviforce,http://yayvo.com/naviforce-nf9128-black-brown-alloy-and-leather-quartz-watch-for-man.html,NAVIFORCE NF9128 Black & Brown Alloy and Leather Quartz Watch For Man,"Rs.3,250","Rs.4,645",30%,https://d2idx9epdcbzys.cloudfront.net/media/catalog/product/cache/1/small_image/160x200/9df78eab33525d08d6e5fb8d27136e95/7/a/7ac6933b3837a00f5380ef39b26a02e7_1.JPG
Karachi Kings,http://yayvo.com/red-cotton-round-neck-t-shirt-kk-004.html,Red Cotton 2018 Round Neck T-shirt-KK-004,Rs.106,Rs.250,58%,https://d2idx9epdcbzys.cloudfront.net/media/catalog/product/cache/1/small_image/160x200/9df78eab33525d08d6e5fb8d27136e95/a/1/a17b6ba4bfbcd1ee52eb3fca124caee2_6.jpg
Fit Right,http://yayvo.com/pack-of-two-printed-pakistani-t-shirts.html,Pack Of Two Printed Pakistani T.Shirts,Rs.999,None,None,https://d2idx9epdcbzys.cloudfront.net/media/catalog/product/cache/1/small_image/160x200/9df78eab33525d08d6e5fb8d27136e95/7/c/7c37354ee718b15d21a437027bfa3dc5_6.jpg
Naviforce,http://yayvo.com/naviforce-nf9133-black-white-stainless-steel-quartz-watch-for-man.html,NAVIFORCE NF9133 Black & White Stainless Steel Quartz Watch For Man,"Rs.3,250","Rs.4,645",30%,https://d2idx9epdcbzys.cloudfront.net/media/catalog/product/cache/1/small_image/160x200/9df78eab33525d08d6e5fb8d27136e95/1/0/10c1cef1eade36e78f3457dcd6fe0891_1.JPG
Fit Right,http://yayvo.com/pakistan-printed-cotton-t-shirt.html,Pakistan Printed Cotton T-Shirt,Rs.399,None,None,https://d2idx9epdcbzys.cloudfront.net/media/catalog/product/cache/1/small_image/160x200/9df78eab33525d08d6e5fb8d27136e95/a/6/a62a339b4a9a91152e50dc8b9d8e5a73_5.jpg
Karachi Kings,http://yayvo.com/blue-round-neck-t-shirt-kk-002.html,Official Digital Printed Round Neck 2018 T-shirt -KK-002,Rs.149,Rs.399,63%,https://d2idx9epdcbzys.cloudfront.net/media/catalog/product/cache/1/small_image/160x200/9df78eab33525d08d6e5fb8d27136e95/8/5/8531612842e8373d397659496d2bf349_14.jpg
Virtuals,http://yayvo.com/hum-sub-ka-pakistan-prted-t-shirt-tshirt.html,Hum Sub Ka Pakistan Prted T-Shirt Tshirt,"Rs.4,995",None,None,https://d2idx9epdcbzys.cloudfront.net/media/catalog/product/cache/1/small_image/160x200/9df78eab33525d08d6e5fb8d27136e95/5/d/5d47ec6a43cd81074c8b5d893f11d1a4_2.jpg
Naviforce,http://yayvo.com/naviforce-nf9089-silver-golden-choronograph-watch-for-man.html,NAVIFORCE NF9089 SILVER & GOLDEN CHRONOGRAPH WATCH FOR MEN,"Rs.4,400","Rs.8,800",50%,https://d2idx9epdcbzys.cloudfront.net/media/catalog/product/cache/1/small_image/160x200/9df78eab33525d08d6e5fb8d27136e95/4/9/490272dadc44fde8c392d3f1e897dbdc_3.jpg
Regal Outfit,http://yayvo.com/pack-of-two-pakistan-t-shirt-for-him.html,PAck of Two Pakistan T-Shirt for Him,Rs.599,Rs.999,40%,https://d2idx9epdcbzys.cloudfront.net/media/catalog/product/cache/1/small_image/160x200/9df78eab33525d08d6e5fb8d27136e95/d/9/d94136e64e815f5cc5f2c09b280d3f30_5.jpeg
Bhimani's,http://yayvo.com/mancare-pure-cotton-underwear-white.html,Mancare Pure Cotton Underwear-White,Rs.110,Rs.129,15%,https://d2idx9epdcbzys.cloudfront.net/media/catalog/product/cache/1/small_image/160x200/9df78eab33525d08d6e5fb8d27136e95/b/2/b2f3a7a37c53c9b3ea4c37f8df54e416.jpg
Regal Outfit,http://yayvo.com/pack-of-two-pakistan-independance-t-shirts-for-boys.html,Pack of two Pakistan Independance T-Shirts for Boys,Rs.999,"Rs.1,299",23%,https://d2idx9epdcbzys.cloudfront.net/media/catalog/product/cache/1/small_image/160x200/9df78eab33525d08d6e5fb8d27136e95/b/b/bb3c6384a7f3d11ee83d6ef2f680cdd8_5.jpeg
Maqbool And Sons,http://yayvo.com/white-vest-with-sleeves.html,WHITE VEST WITH SLEEVES,Rs.135,None,None,https://d2idx9epdcbzys.cloudfront.net/media/catalog/product/cache/1/small_image/160x200/9df78eab33525d08d6e5fb8d27136e95/5/c/5cec9b1041a6f3ce56e09d24e32d1b57_1.jpg
Regal Outfit,http://yayvo.com/pack-of-four-pakistan-deal-for-him.html,Pack of four Pakistan Deal for Him,Rs.999,"Rs.1,500",33%,https://d2idx9epdcbzys.cloudfront.net/media/catalog/product/cache/1/small_image/160x200/9df78eab33525d08d6e5fb8d27136e95/e/0/e0c0a4ef5deb30a4c2955e08f78337b3_4.jpeg
Fit Right,http://yayvo.com/pack-of-two-cotton-prted-pakistani-t-shirts.html,Pack Of Two Cotton Prted Pakistani T.Shirts,Rs.999,"Rs.1,300",23%,https://d2idx9epdcbzys.cloudfront.net/media/catalog/product/cache/1/small_image/160x200/9df78eab33525d08d6e5fb8d27136e95/1/a/1a57c23515661900b90b8e74a277c703_4.jpg
tomi,http://yayvo.com/tomi-t092-blacked-elegant-watch-for-men.html,TOMI T092 Blacked Elegant Watch For Men,"Rs.1,450","Rs.2,900",50%,https://d2idx9epdcbzys.cloudfront.net/media/catalog/product/cache/1/small_image/160x200/9df78eab33525d08d6e5fb8d27136e95/6/4/6461183089ca012271ae87d2a8482dd0_2.JPG
Virtuals,http://yayvo.com/pakistan-prted-t-shirttshirt.html,Pakistan Prted T-Shirttshirt,"Rs.4,995",None,None,https://d2idx9epdcbzys.cloudfront.net/media/catalog/product/cache/1/small_image/160x200/9df78eab33525d08d6e5fb8d27136e95/3/f/3f645bce6dd50facc084b7735e1c32d2.jpg
Otterbox,http://yayvo.com/kola-puri-chappal-qbh-006.html,KOLA PURI CHAPPAL QBH-006,Rs.899,None,None,https://d2idx9epdcbzys.cloudfront.net/media/catalog/product/cache/1/small_image/160x200/9df78eab33525d08d6e5fb8d27136e95/e/8/e806be5f7dbf8bae360f2a7d529a6d2d_3.JPG
Fit Right,http://yayvo.com/pack-of-two-prted-pakistani-t-shirt.html,Pack Of Two Prted Pakistani T-Shirt,Rs.599,"Rs.1,300",54%,https://d2idx9epdcbzys.cloudfront.net/media/catalog/product/cache/1/small_image/160x200/9df78eab33525d08d6e5fb8d27136e95/6/a/6adbd711ba277e52661469286a8bfd03_4.jpg
tomi,http://yayvo.com/tomi-t074-brown-black-stylish-quartz-electronic-watch-for-men.html,TOMI T074 Brown & Black Stylish Quartz Electronic Watch For Men,"Rs.1,450","Rs.2,900",50%,https://d2idx9epdcbzys.cloudfront.net/media/catalog/product/cache/1/small_image/160x200/9df78eab33525d08d6e5fb8d27136e95/0/7/0759d5c79045aa52d3b095fcb19f40ab_2.jpg
Regal Outfit,http://yayvo.com/regal-outfit-14th-august-pakistan-t-shirt-for-him-4.html,Regal Outfit 14th August Pakistan t Shirt for Him,Rs.350,Rs.500,30%,https://d2idx9epdcbzys.cloudfront.net/media/catalog/product/cache/1/small_image/160x200/9df78eab33525d08d6e5fb8d27136e95/2/7/27a8b2fc538fa74fb5cca32e4265438a_4.jpeg
tomi,http://yayvo.com/tomi-t084-black-silver-leather-watch-for-men-women.html,TOMI T084 Black & Silver Leather Watch For Men & Women,"Rs.1,600","Rs.3,200",50%,https://d2idx9epdcbzys.cloudfront.net/media/catalog/product/cache/1/small_image/160x200/9df78eab33525d08d6e5fb8d27136e95/7/d/7d9bf5b581bc233bfa0de452546a9a67_2.JPG
Maqbool And Sons,http://yayvo.com/sando-vest-white.html,SANDO VEST WHITE,Rs.130,None,None,https://d2idx9epdcbzys.cloudfront.net/media/catalog/product/cache/1/small_image/160x200/9df78eab33525d08d6e5fb8d27136e95/0/4/046dcd32bf3f012f4646743ff4e66908_1.jpg
Regal Outfit,http://yayvo.com/regal-outfit-14th-august-pakistan-t-shirt-for-him.html,Pakistan Day T-Shirt,Rs.319,Rs.599,47%,https://d2idx9epdcbzys.cloudfront.net/media/catalog/product/cache/1/small_image/160x200/9df78eab33525d08d6e5fb8d27136e95/f/0/f0980ec9fdef93615771817378606a71_5.jpeg
Other,http://yayvo.com/fit-right-14th-august-pakistan-t-shirt-for-him.html,Fit Right 14th August Pakistan t Shirt for Him,Rs.350,None,None,https://d2idx9epdcbzys.cloudfront.net/media/catalog/product/cache/1/small_image/160x200/9df78eab33525d08d6e5fb8d27136e95/4/3/4381618cc5207b5d898eb11f94f0f61e_4.jpg
Charji Shop,http://yayvo.com/navy-blue-breathable-see-through-boxer-underwear.html,Navy Blue Breathable See Through Boxer Underwear,Rs.690,None,None,https://d2idx9epdcbzys.cloudfront.net/media/catalog/product/cache/1/small_image/160x200/9df78eab33525d08d6e5fb8d27136e95/8/d/8d35202a3657cabdd9ce3617767246de_2.jpg
VeerJeePK,http://yayvo.com/pack-of-3-white-cotton-vests-for-men-12.html,Pack of 3-White Cotton Vests for Men-S,Rs.540,Rs.900,40%,https://d2idx9epdcbzys.cloudfront.net/media/catalog/product/cache/1/small_image/160x200/9df78eab33525d08d6e5fb8d27136e95/1/c/1cbf0c0a040596b439635763dc9b83f5_2.jpg
Charji Shop,http://yayvo.com/black-breathable-see-through-boxer-underwear.html,Black Breathable See Through Boxer Underwear,Rs.690,None,None,https://d2idx9epdcbzys.cloudfront.net/media/catalog/product/cache/1/small_image/160x200/9df78eab33525d08d6e5fb8d27136e95/5/7/5700cc5be2f214d0840d56285c150f8b_2.jpg
Tool Shop,http://yayvo.com/black-calculator-watch-for-kids.html,Black Calculator Watch for Kids,Rs.283,Rs.499,43%,https://d2idx9epdcbzys.cloudfront.net/media/catalog/product/cache/1/small_image/160x200/9df78eab33525d08d6e5fb8d27136e95/6/5/65c31922717e55303f747abdbbd63f26_4.jpg
Tool Shop,http://yayvo.com/10-solid-color-best-selling-flash-toy-sword-with-light-and-sound.html,10 Solid color best selling flash toy sword with light and sound,Rs.799,"Rs.1,000",20%,https://d2idx9epdcbzys.cloudfront.net/media/catalog/product/cache/1/small_image/160x200/9df78eab33525d08d6e5fb8d27136e95/a/6/a64237db241e6f2d15e559ebbe62fdea_2.jpg
IGNITE,http://yayvo.com/navy-stretch-chino-kids-pant-7.html,Navy Stretch Chino Kids Pant,Rs.699,Rs.999,30%,https://d2idx9epdcbzys.cloudfront.net/media/catalog/product/cache/1/small_image/160x200/9df78eab33525d08d6e5fb8d27136e95/e/3/e3ac7e4c3e26054883d5806b147cf976_2.jpg
IGNITE,http://yayvo.com/sky-blue-kids-shirt-1.html,Sky Blue Kids Shirt,Rs.499,Rs.999,50%,https://d2idx9epdcbzys.cloudfront.net/media/catalog/product/cache/1/small_image/160x200/9df78eab33525d08d6e5fb8d27136e95/1/d/1d5f01e6c11edb1f8c66e5ad0937f2ff_2.jpg
Muzammil Store,http://yayvo.com/safe-foam-shampoo-cap-for-children-bathing-shower-cap.html,Safe Foam Shampoo Cap For Children Bathing Shower Cap,Rs.480,None,None,https://d2idx9epdcbzys.cloudfront.net/media/catalog/product/cache/1/small_image/160x200/9df78eab33525d08d6e5fb8d27136e95/7/1/7128b289adde375860dae77289f1fd83.jpg
Tool Shop,http://yayvo.com/construction-manual-trick-toy-for-kids-boy.html,Construction Manual Trick Toy for kids Boy,Rs.399,Rs.450,11%,https://d2idx9epdcbzys.cloudfront.net/media/catalog/product/cache/1/small_image/160x200/9df78eab33525d08d6e5fb8d27136e95/0/3/038460ac6026641e6acbbadb99f7c533.jpg
eCloud,http://yayvo.com/pair-of-shoes-for-cute-baby-girls-red-4.html,Pair Of Shoes For Cute Baby Girls - Red,Rs.380,Rs.500,24%,https://d2idx9epdcbzys.cloudfront.net/media/catalog/product/cache/1/small_image/160x200/9df78eab33525d08d6e5fb8d27136e95/7/0/70c189318e8eff4b59f1870ca3c3aa11_3.jpg
Tool Shop,http://yayvo.com/analog-watch-for-kids-36.html,Analog Watch for Kids,Rs.299,Rs.500,40%,https://d2idx9epdcbzys.cloudfront.net/media/catalog/product/cache/1/small_image/160x200/9df78eab33525d08d6e5fb8d27136e95/5/3/53d8445e3f0966bbac7d2a4932625f5b.jpg
PQWH,http://yayvo.com/emart-kettle-sk-9769-fine-condition.html,Emart Kettle SK 9769 Unsealed,"Rs.4,799",None,None,https://d2idx9epdcbzys.cloudfront.net/media/catalog/product/cache/1/small_image/160x200/9df78eab33525d08d6e5fb8d27136e95/a/5/a563cc192a7bd39a646eb8c769fae5af_1.jpg
Jackpot,http://yayvo.com/jp-717b-dry-iron-damage.html,JP-717B - Dry Iron,"Rs.1,650",None,None,https://d2idx9epdcbzys.cloudfront.net/media/catalog/product/cache/1/small_image/160x200/9df78eab33525d08d6e5fb8d27136e95/d/c/dcea1a3295b60b7e0279db2f1bbebbdc_3.jpg
Jack Pot,http://yayvo.com/jack-pot-toaster-jp-862c-box-damage-expired-warranty-scratches.html,Jack Pot Toaster JP-862C - Box Damage - Expired Warranty - Scratches,"Rs.1,349","Rs.1,499",10%,https://d2idx9epdcbzys.cloudfront.net/media/catalog/product/cache/1/small_image/160x200/9df78eab33525d08d6e5fb8d27136e95/a/7/a7d96e5191eea39de08648c7872155f7.jpg
Tool Shop,http://yayvo.com/national-panasonic-iron-non-plate-1000w-3.html,National Panasonic Iron Non-Plate 1000w,"Rs.2,999","Rs.4,006",25%,https://d2idx9epdcbzys.cloudfront.net/media/catalog/product/cache/1/small_image/160x200/9df78eab33525d08d6e5fb8d27136e95/f/7/f7b1beb6782f08bdbfd2653658462e30_3.jpg
Net World,http://yayvo.com/white-portable-rechargeable-fan-with-led-power-bank.html,White Portable Rechargeable Fan With LED Power Bank,Rs.998,"Rs.1,348",26%,https://d2idx9epdcbzys.cloudfront.net/media/catalog/product/cache/1/small_image/160x200/9df78eab33525d08d6e5fb8d27136e95/2/d/2d6065c432323804b6e2cb703b94d65c_7.jpg
First Choice,http://yayvo.com/first-choice-face-mask-7.html,First Choice washable  Face Mask( black),Rs.80,None,None,https://d2idx9epdcbzys.cloudfront.net/media/catalog/product/cache/1/small_image/160x200/9df78eab33525d08d6e5fb8d27136e95/d/b/db44eccf0d5211abd68ba47c6a6a3878_1.jpg
Ducare,http://yayvo.com/hand-sanitizer-kills-99-9-germs-without-water-80ml-3.html,Hand Sanitizer - Kills 99.9% Germs - Without Water - 80ml,Rs.200,Rs.250,20%,https://d2idx9epdcbzys.cloudfront.net/media/catalog/product/cache/1/small_image/160x200/9df78eab33525d08d6e5fb8d27136e95/7/e/7e782153e6540cc5109d3252c39965d2.jpg
Purity,http://yayvo.com/purity-hand-sanitzer-hygiene-ocean-antibacterial-kills-99-9-germs-non-sticky-60ml.html,Hand Sanitizer Hygiene + Ocean Antibacterial - Kills 99.9% Germs - Non Sticky - 60ml,Rs.199,Rs.250,20%,https://d2idx9epdcbzys.cloudfront.net/media/catalog/product/cache/1/small_image/160x200/9df78eab33525d08d6e5fb8d27136e95/1/0/10af2a7ab2acd9fbb96594ddc0f7fac2_4.jpeg
Lifebuoy,http://yayvo.com/life-buoy-hand-sanitizer-55ml-with-moisturiser-vitamin-e-kill-99-9-of-germs-3.html,Hand Sanitizer 55ml with Moisturiser & Vitamin E kill 99.9% of germs,Rs.375,Rs.499,25%,https://d2idx9epdcbzys.cloudfront.net/media/catalog/product/cache/1/small_image/160x200/9df78eab33525d08d6e5fb8d27136e95/e/3/e30277bb2927c6247a7460c10251fa0c_4.jpg
Macho,http://yayvo.com/deodrant-soap-sport-110gm-3.html,Deodrant Soap(Sport) 110gm,Rs.69,None,None,https://d2idx9epdcbzys.cloudfront.net/media/catalog/product/cache/1/small_image/160x200/9df78eab33525d08d6e5fb8d27136e95/e/7/e700053e177a88e09f14b05fed325f89_14.jpg
Lucky classic,http://yayvo.com/lucky-classic-hand-sanitizer-advanced-formula-vitamin-e-kills-germs-without-water-50ml-3.html,Hand Sanitizer - Advanced Formula - Vitamin E - Kills Germs Without Water - 50ml,Rs.199,Rs.250,20%,https://d2idx9epdcbzys.cloudfront.net/media/catalog/product/cache/1/small_image/160x200/9df78eab33525d08d6e5fb8d27136e95/a/a/aa6f6c6e8bf650b5a628b3a05af664dc_3.jpeg
Lucky classic,http://yayvo.com/lucky-classic-kids-hand-sanitizer-advanced-formula-vitamin-e-kills-germs-without-water-50ml-3.html,Kids Hand Sanitizer - Advanced Formula - Vitamin E - Kills Germs Without Water - 50ml,Rs.199,Rs.299,33%,https://d2idx9epdcbzys.cloudfront.net/media/catalog/product/cache/1/small_image/160x200/9df78eab33525d08d6e5fb8d27136e95/a/b/ab3d825195ea7f0e2e9416bffae596aa_3.jpeg
Net World,http://yayvo.com/4-in-1-facial-steamer-inhaler-humidifier-white-blue-3.html,4-in-1 - Facial Steamer Inhaler & Humidifier - White & Blue,"Rs.1,499","Rs.1,875",20%,https://d2idx9epdcbzys.cloudfront.net/media/catalog/product/cache/1/small_image/160x200/9df78eab33525d08d6e5fb8d27136e95/9/f/9f22eef130209cda1be63a6d5974874a_7.jpg
Kemei,http://yayvo.com/km-680a-8-in-1-facial-body-grooming-system-3.html,KM-680A-8 in 1 Facial & Body Grooming System,"Rs.1,750","Rs.2,750",36%,https://d2idx9epdcbzys.cloudfront.net/media/catalog/product/cache/1/small_image/160x200/9df78eab33525d08d6e5fb8d27136e95/4/3/4317173a90eb7ad726ad0f42dacc17c6_3.jpg
Vatika,http://yayvo.com/almond-enriched-hair-oil-softness-shine-200ml-1.html,Almond Enriched Hair Oil Softness & Shine-200Ml,Rs.250,Rs.380,34%,https://d2idx9epdcbzys.cloudfront.net/media/catalog/product/cache/1/small_image/160x200/9df78eab33525d08d6e5fb8d27136e95/3/d/3dcf0c8191be793b3ed41464c603d31d_3.jpg
Ideal Fashion Shop,http://yayvo.com/veet-precision-electric-hair-trimmer-shaper-for-eyebrows-facial-hair-bikini-line-underarm-bag-battery-included-all-in-1-hair-removal-3.html,"Veet Precision Electric Hair Trimmer & Shaper for Eyebrows, Facial Hair, Bikini Line, & Underarm, Bag & Battery Included,-All in 1 Hair Removal",Rs.550,Rs.950,42%,https://d2idx9epdcbzys.cloudfront.net/media/catalog/product/cache/1/small_image/160x200/9df78eab33525d08d6e5fb8d27136e95/f/9/f923a33cdf659871405bc68b2bec9874.jpg
Relaxsit,http://yayvo.com/black-dice-stool.html,Black Dice Stool,Rs.990,"Rs.1,150",14%,https://d2idx9epdcbzys.cloudfront.net/media/catalog/product/cache/1/small_image/160x200/9df78eab33525d08d6e5fb8d27136e95/2/f/2fdff7a566508bf104f4c5c5fff0b5a1.jpg
Kids Image,http://yayvo.com/lavender-floral-bed-sheet.html,Lavender Floral Bed Sheet,"Rs.1,299",None,None,https://d2idx9epdcbzys.cloudfront.net/media/catalog/product/cache/1/small_image/160x200/9df78eab33525d08d6e5fb8d27136e95/0/e/0e4e7bdf0e2a981a25066cbe6b964654_3.jpg
Salt Lamps,http://yayvo.com/crafted-oval-salt-lamp-beautiful-salt-lamp.html,Crafted Oval Salt Lamp Beautiful Salt Lamp,"Rs.1,300","Rs.1,600",19%,https://d2idx9epdcbzys.cloudfront.net/media/catalog/product/cache/1/small_image/160x200/9df78eab33525d08d6e5fb8d27136e95/0/0/004aac214a1221bfd04f6983a6f4d812.jpg
Bosi,http://yayvo.com/12pcs-yellow-black-tool-set.html,12Pcs Yellow & Black Tool Set,"Rs.2,999","Rs.3,500",14%,https://d2idx9epdcbzys.cloudfront.net/media/catalog/product/cache/1/small_image/160x200/9df78eab33525d08d6e5fb8d27136e95/0/8/08cad6841e23e7f40442e2030b5910d1_5.jpg
Otterbox,http://yayvo.com/3-watt-creea-175-lumen-rechargeable-led-lantern.html,3 Watt CREE¢ 175 Lumen Rechargeable LED Lantern,"Rs.1,401",None,None,https://d2idx9epdcbzys.cloudfront.net/media/catalog/product/cache/1/small_image/160x200/9df78eab33525d08d6e5fb8d27136e95/8/9/890b32d54f183920c9a6de7a33d27a1c_7.jpg
Online Product,http://yayvo.com/anti-dust-pollution-face-mask-3pcs-black.html,Anti Dust Pollution Face Mask - 3Pcs - Black,Rs.400,Rs.500,20%,https://d2idx9epdcbzys.cloudfront.net/media/catalog/product/cache/1/small_image/160x200/9df78eab33525d08d6e5fb8d27136e95/b/5/b503a34b362670154148106f4003085a_2.jpg
Tool Shop,http://yayvo.com/tool-shop-mini-drill-kit-with-box-130w-52-pcs-accessories-4.html,Tool Shop Mini Drill Kit with Box - 130W - 52 Pcs Accessories,"Rs.3,999","Rs.4,500",11%,https://d2idx9epdcbzys.cloudfront.net/media/catalog/product/cache/1/small_image/160x200/9df78eab33525d08d6e5fb8d27136e95/9/5/9553477c1154286968287877db91633e_4.jpg
Premier Home,http://yayvo.com/magpie-dolomite-silver-soap-dish.html,Magpie Dolomite Silver Soap Dish,"Rs.1,325",None,None,https://d2idx9epdcbzys.cloudfront.net/media/catalog/product/cache/1/small_image/160x200/9df78eab33525d08d6e5fb8d27136e95/e/a/ea2408e62f921981be8152f837cefd33_9.jpg
Tool Shop,http://yayvo.com/92-pcs-professional-tool-set-with-copper-electric-drill-550w-13mm.html,92 Pcs Professional Tool Set with Copper Electric Drill 550W - 13mm,"Rs.6,999","Rs.10,000",30%,https://d2idx9epdcbzys.cloudfront.net/media/catalog/product/cache/1/small_image/160x200/9df78eab33525d08d6e5fb8d27136e95/5/5/5511abb075beb7c94a17da7e5cb7d77d.jpg
Tool Shop,http://yayvo.com/19-inch-yellow-black-home-tool-box.html,19 Inch - Yellow & Black Home Tool Box,"Rs.2,999","Rs.4,000",25%,https://d2idx9epdcbzys.cloudfront.net/media/catalog/product/cache/1/small_image/160x200/9df78eab33525d08d6e5fb8d27136e95/5/d/5db829561904927cb52b0927ab9f3fe9_3.jpg
Logitech,http://yayvo.com/ingco-86-pcs-tool-kit-orange-black.html,Ingco 86 Pcs Tool Kit - Orange & Black,"Rs.6,999","Rs.10,000",30%,https://d2idx9epdcbzys.cloudfront.net/media/catalog/product/cache/1/small_image/160x200/9df78eab33525d08d6e5fb8d27136e95/3/1/3185dbe0ffb2dcaced744526c8be358b_2.jpg
Relaxsit,http://yayvo.com/bean-bag-refilling-polystyrene-beans-500-grams-75-liters.html,Bean Bag Refilling Polystyrene Beans - 500 Grams (75 Liters),Rs.525,None,None,https://d2idx9epdcbzys.cloudfront.net/media/catalog/product/cache/1/small_image/160x200/9df78eab33525d08d6e5fb8d27136e95/d/9/d926e52bab9d1669350ee85dc715f942.jpg
Khas stores,http://yayvo.com/single-bed-sheet-r2g-16182.html,Single Bed Sheet  R2G 16182,Rs.926,"Rs.1,425",35%,https://d2idx9epdcbzys.cloudfront.net/media/catalog/product/cache/1/small_image/160x200/9df78eab33525d08d6e5fb8d27136e95/f/c/fc1291914d67336f81a930e87fec4f54_4.jpg
Ahsan Dry Fruit,http://yayvo.com/ispaghol-indian-bhoosi-250gm.html,Ispaghol (Indian Bhoosi) - 250gm,Rs.500,Rs.600,17%,https://d2idx9epdcbzys.cloudfront.net/media/catalog/product/cache/1/small_image/160x200/9df78eab33525d08d6e5fb8d27136e95/9/f/9fe898f32860160715b8207467bf1194_1.jpeg
Khas stores,http://yayvo.com/pop-flower-1pc-king-size-quilt-cover-1000000017705.html,Pop Flower 1Pc King Size Quilt Cover-1000000017705,"Rs.3,269","Rs.5,029",35%,https://d2idx9epdcbzys.cloudfront.net/media/catalog/product/cache/1/small_image/160x200/9df78eab33525d08d6e5fb8d27136e95/d/f/df97a876acd9c5067df0f443cefe4ecb_8.jpg
Strings,http://yayvo.com/special-edition-strings-poster.html,Special Edition Framed Strings Poster,"Rs.1,499",None,None,https://d2idx9epdcbzys.cloudfront.net/media/catalog/product/cache/1/small_image/160x200/9df78eab33525d08d6e5fb8d27136e95/a/4/a48ad09acb6325767ddd0d1233f40cc8_3.jpg
HB Traders,http://yayvo.com/pack-of-5-ball-fiber-cushion-export-quality.html,Pack of 5 Ball Fiber Cushion Export Quality - Multicolor,Rs.790,"Rs.1,750",55%,https://d2idx9epdcbzys.cloudfront.net/media/catalog/product/cache/1/small_image/160x200/9df78eab33525d08d6e5fb8d27136e95/7/a/7a2671e0490f499c341663ae497abc36_4.jpg
PQWH,http://yayvo.com/chopper-grey-plastic-hp019-fine-condition.html,Chopper Grey Plastic HP019 Unsealed,Rs.999,None,None,https://d2idx9epdcbzys.cloudfront.net/media/catalog/product/cache/1/small_image/160x200/9df78eab33525d08d6e5fb8d27136e95/f/f/ff046a8841600328246d9d893ead3729_1.jpg
King Store,http://yayvo.com/nursery-baby-chair-12.html,Nursery Baby Chair,Rs.680,None,None,https://d2idx9epdcbzys.cloudfront.net/media/catalog/product/cache/1/small_image/160x200/9df78eab33525d08d6e5fb8d27136e95/2/c/2c0257c79361248df75f8fb9afff0630_4.jpg
Sitara,http://yayvo.com/regency-strip-4-bed-n-bag-set-red.html,Regency Strip 4 - Bed N Bag Set - Red,"Rs.7,622",None,None,https://d2idx9epdcbzys.cloudfront.net/media/catalog/product/cache/1/small_image/160x200/9df78eab33525d08d6e5fb8d27136e95/7/a/7a867c1cf251b6f4d79ac350ae910076_5.jpg
PQWH,http://yayvo.com/white-food-chopper-oxo-012-scratches-on-product.html,White Food Chopper   OXO 012 Scratches on Product Unsealed,"Rs.1,999",None,None,https://d2idx9epdcbzys.cloudfront.net/media/catalog/product/cache/1/small_image/160x200/9df78eab33525d08d6e5fb8d27136e95/0/2/02b56bd529c0895681659293b148a4fa_1.jpg
Omart,http://yayvo.com/150ft-magic-hose-with-7-spray-gun-function.html,150ft Magic Hose With 7 Spray Gun Function,"Rs.1,299","Rs.1,499",13%,https://d2idx9epdcbzys.cloudfront.net/media/catalog/product/cache/1/small_image/160x200/9df78eab33525d08d6e5fb8d27136e95/a/f/af5e4b3c51749fd6268ef1f5d7e0b96d.jpg
Stripy Interior,http://yayvo.com/pakistani-flag-chusion.html,Pakistani Flag Chusion,Rs.599,None,None,https://d2idx9epdcbzys.cloudfront.net/media/catalog/product/cache/1/small_image/160x200/9df78eab33525d08d6e5fb8d27136e95/c/b/cb74364b8c3963ca6c9bc0ecb9b5bc71_1.jpg
Relaxer Bean Bags,http://yayvo.com/flag-smiley-bean-bag-sml-06-a.html,Flag Smiley Bean Bag - SML 06 A,"Rs.3,399","Rs.4,999",32%,https://d2idx9epdcbzys.cloudfront.net/media/catalog/product/cache/1/small_image/160x200/9df78eab33525d08d6e5fb8d27136e95/5/1/51cbac6f2b9a55ac4eb223afe65e3a54_6.jpg
Khas stores,http://yayvo.com/multicolour-pillow-covers-19-x-29-9-1000000015842.html,multicolour PILLOW COVERS	19 x 29+9''-1000000015842,Rs.835,"Rs.1,285",35%,https://d2idx9epdcbzys.cloudfront.net/media/catalog/product/cache/1/small_image/160x200/9df78eab33525d08d6e5fb8d27136e95/2/6/26c1181c3ce7f2ea2a495813a355fa9e_11.jpg
Khas stores,http://yayvo.com/bath-sheet-plain-d-blue-dyed-90x150-cm.html,Bath Sheet Plain D/Blue Dyed 90X150 CM,Rs.759,"Rs.1,168",35%,https://d2idx9epdcbzys.cloudfront.net/media/catalog/product/cache/1/small_image/160x200/9df78eab33525d08d6e5fb8d27136e95/7/3/7335d31a2e7e4407fe15db8f8da645ea_6.jpg
Relaxsit,http://yayvo.com/polyester-fleece-tv-blanket-with-sleeves-blue-4.html,Polyester Fleece Tv Blanket With Sleeves-Blue,Rs.599,"Rs.2,000",70%,https://d2idx9epdcbzys.cloudfront.net/media/catalog/product/cache/1/small_image/160x200/9df78eab33525d08d6e5fb8d27136e95/d/c/dc472f23c638041b91aecbe13d7cfdb0_3.jpg
Yayvo,http://yayvo.com/thai-heart-shape-lamp-red.html,Thai Heart Shape Lamp Red,"Rs.1,299",None,None,https://d2idx9epdcbzys.cloudfront.net/media/catalog/product/cache/1/small_image/160x200/9df78eab33525d08d6e5fb8d27136e95/2/a/2ab649d7659180930463d2ab31fad993.jpg
Khas stores,http://yayvo.com/bath-sheet-plain-sage-dyed-90x150-cm.html,Bath Sheet Plain Sage Dyed 90X150 CM,Rs.759,"Rs.1,168",35%,https://d2idx9epdcbzys.cloudfront.net/media/catalog/product/cache/1/small_image/160x200/9df78eab33525d08d6e5fb8d27136e95/8/8/88ce40353e94d1e6d6268fa722793fff_6.jpg
Yayvo,http://yayvo.com/roof-top-pakistan-glag.html,Roof Top Pakistan Flag,Rs.140,Rs.281,50%,https://d2idx9epdcbzys.cloudfront.net/media/catalog/product/cache/1/small_image/160x200/9df78eab33525d08d6e5fb8d27136e95/6/d/6d28de5cc0d97ac55b8fd696848d6fef_9.jpg
Living Style,http://yayvo.com/12v-300-psi-portable-auto-electric-car-pump-air-compressor-tire-inflator-tool.html,12V 300 PSI Portable Auto Electric Car Pump Air Compressor Tire Inflator Tool,"Rs.1,120",None,None,https://d2idx9epdcbzys.cloudfront.net/media/catalog/product/cache/1/small_image/160x200/9df78eab33525d08d6e5fb8d27136e95/b/0/b0ae9724ce679081b5d94fde7ff74dcb_5.jpg
Yayvo,http://yayvo.com/thai-pendant-lamp.html,Thai Pendant Lamp,Rs.499,None,None,https://d2idx9epdcbzys.cloudfront.net/media/catalog/product/cache/1/small_image/160x200/9df78eab33525d08d6e5fb8d27136e95/f/2/f28c5839db3eafc3f81ba374474c11fe.jpg
Home n Baby,http://yayvo.com/luxury-hand-towel-5-piece-rose.html,Luxury Hand Towel - 5 piece - Rose,Rs.600,Rs.800,25%,https://d2idx9epdcbzys.cloudfront.net/media/catalog/product/cache/1/small_image/160x200/9df78eab33525d08d6e5fb8d27136e95/1/7/17b4ca172a68d8d936d56eb14315bf29.jpg
Sitara,http://yayvo.com/grey-sitara-diamond-bedsheet-08-double.html,Grey Sitara Diamond Bedsheet 08 - Double,"Rs.1,057",None,None,https://d2idx9epdcbzys.cloudfront.net/media/catalog/product/cache/1/small_image/160x200/9df78eab33525d08d6e5fb8d27136e95/3/3/33459423c0fb93ced70039b8ea911bdf_2.jpg
Top Shops,http://yayvo.com/3-pcs-led-full-color-rotating-lamp.html,3 Pcs Led Full Color Rotating Lamp,Rs.718,"Rs.1,200",40%,https://d2idx9epdcbzys.cloudfront.net/media/catalog/product/cache/1/small_image/160x200/9df78eab33525d08d6e5fb8d27136e95/e/0/e0c1a561a19491145aeba34c0424c597_3.jpg
Safety,http://yayvo.com/safety-disposable-latex-examination-gloves-lightly-powdered-100-gloves-medium.html,Disposable Latex Examination Gloves - Lightly Powdered -100 Gloves - Medium,"Rs.1,599","Rs.1,699",6%,https://d2idx9epdcbzys.cloudfront.net/media/catalog/product/cache/1/small_image/160x200/9df78eab33525d08d6e5fb8d27136e95/d/4/d4a03c8ec200976e0fdec6ea891a0507_1.jpg
Protiex,http://yayvo.com/protiex-latex-examination-gloves-powdered-non-sterlie-quantity-100-gloves-large.html,Protiex Latex Examination Gloves - Powdered Non Sterlie - Quantity 100 Gloves - Large,"Rs.1,499","Rs.1,600",6%,https://d2idx9epdcbzys.cloudfront.net/media/catalog/product/cache/1/small_image/160x200/9df78eab33525d08d6e5fb8d27136e95/0/b/0b61d6825ff60e03f5234f2c60fa59d9_5.jpeg
HomeShopper,http://yayvo.com/original-110-vigrx-plus-in-pakistan-with-authentication-code-usa-imported.html,Original 110% VigRX Plus in Pakistan with Authentication Code - USA Imported,"Rs.9,500","Rs.16,500",42%,https://d2idx9epdcbzys.cloudfront.net/media/catalog/product/cache/1/small_image/160x200/9df78eab33525d08d6e5fb8d27136e95/e/1/e195b1e6f367a8b87e5ca3202a83e34f_5.jpg
Qarshi,http://yayvo.com/tila-muqavi-shahi-8-ml-qarshitilamuqavishahi8ml.html,TILA MUQAVI SHAHI 8 ML-QarshiTILAMUQAVISHAHI8ML,Rs.250,None,None,https://d2idx9epdcbzys.cloudfront.net/media/catalog/product/cache/1/small_image/160x200/9df78eab33525d08d6e5fb8d27136e95/8/e/8e5261bd33b8b8cff703750577056c55_10.jpg
Qarshi,http://yayvo.com/qarshi-anti-fat-75-qurs.html,Qarshi Anti Fat 75 Qurs,Rs.260,None,None,https://d2idx9epdcbzys.cloudfront.net/media/catalog/product/cache/1/small_image/160x200/9df78eab33525d08d6e5fb8d27136e95/8/4/8423a88b1ba509e70b41a973b9f75075_11.jpg
Acon USA,http://yayvo.com/blue-on-call-ketone-strips-676strip.html,Blue On call Ketone strips -676strip,"Rs.1,675","Rs.2,200",24%,https://d2idx9epdcbzys.cloudfront.net/media/catalog/product/cache/1/small_image/160x200/9df78eab33525d08d6e5fb8d27136e95/7/0/7097ecb806241b4a7e36b0f363cdf0c0_12.jpg
AL-KAREEM,http://yayvo.com/beauty-body-mobile-gym-6-pack-ems-2.html,Beauty Body Mobile Gym 6 Pack Ems,"Rs.1,250","Rs.1,999",37%,https://d2idx9epdcbzys.cloudfront.net/media/catalog/product/cache/1/small_image/160x200/9df78eab33525d08d6e5fb8d27136e95/8/2/8237ea786fc2b748ec2292525c8f057f.jpg
Cobra,http://yayvo.com/black-cobra-125-mg-sex-timing-for-men.html,Black Cobra 125 mg Sex Timing for Men (5 tablet),Rs.149,None,None,https://d2idx9epdcbzys.cloudfront.net/media/catalog/product/cache/1/small_image/160x200/9df78eab33525d08d6e5fb8d27136e95/0/d/0d46ec27fbcff615f6c083c1bbb32685_9.jpg
Qarshi,http://yayvo.com/qarshi-jam-e-shirin-800ml-pack-of-6-s.html,Qarshi Jam-e-Shirin- 800ml Pack of 6's,"Rs.1,320",None,None,https://d2idx9epdcbzys.cloudfront.net/media/catalog/product/cache/1/small_image/160x200/9df78eab33525d08d6e5fb8d27136e95/0/3/03ce390ac907c164c0c70a9506d9c650_4.jpg
Qarshi,http://yayvo.com/tila-musakan-no-1-8-ml-qarshitilamusakanno18ml.html,Tila Musakan No. 1 8 ML-QarshiTilaMusakanNo18ML,Rs.180,None,None,https://d2idx9epdcbzys.cloudfront.net/media/catalog/product/cache/1/small_image/160x200/9df78eab33525d08d6e5fb8d27136e95/5/4/540e49b2d20a111681e62cba28a9b801_7.jpg
Online Butt Services,http://yayvo.com/original-vega-100-mg-tablet-for-men-sex-timing-3.html,Original Vega 100 mg Tablet For Men Sex Timing (4 Tablet),Rs.149,None,None,https://d2idx9epdcbzys.cloudfront.net/media/catalog/product/cache/1/small_image/160x200/9df78eab33525d08d6e5fb8d27136e95/a/7/a7e80a42668e3b395d82201f75f6e848_5.jpg
Warsan Homoeo Laboratories,http://yayvo.com/moov-plus-ointment.html,Moov Plus Ointment,Rs.88,Rs.110,20%,https://d2idx9epdcbzys.cloudfront.net/media/catalog/product/cache/1/small_image/160x200/9df78eab33525d08d6e5fb8d27136e95/2/6/26f856940e05ed32def6c3e66dfc0bfc.JPG
Qarshi,http://yayvo.com/laboob-khas-jawahar-dar-100-grams-qarshilaboobkhasjawahardar100grams.html,LABOOB KHAS JAWAHAR DAR 100 Grams-QarshiLABOOBKHASJAWAHARDAR100Grams,Rs.635,None,None,https://d2idx9epdcbzys.cloudfront.net/media/catalog/product/cache/1/small_image/160x200/9df78eab33525d08d6e5fb8d27136e95/a/1/a13de496f2b209d07af78b1bb38bf37f_9.jpg
Qarshi,http://yayvo.com/qarshi-imsaki-jawahardar-cap-10-cap-3.html,Qarshi Imsaki Jawahardar Cap 10 Cap,Rs.215,None,None,https://d2idx9epdcbzys.cloudfront.net/media/catalog/product/cache/1/small_image/160x200/9df78eab33525d08d6e5fb8d27136e95/1/5/15081c9a6714724bf72cbdb73714a17c_7.png
United,http://yayvo.com/2-pair-protection-latex-rubber-gloves-2.html,2 Pair Protection Latex Rubber Gloves,Rs.199,None,None,https://d2idx9epdcbzys.cloudfront.net/media/catalog/product/cache/1/small_image/160x200/9df78eab33525d08d6e5fb8d27136e95/a/0/a06b0b42ca6a6b85afbc85fc73403748.jpg
Qarshi,http://yayvo.com/qarshi-lal-sharbat-240-ml.html,Qarshi Lal Sharbat 240 Ml,Rs.150,None,None,https://d2idx9epdcbzys.cloudfront.net/media/catalog/product/cache/1/small_image/160x200/9df78eab33525d08d6e5fb8d27136e95/f/a/fa3763774bee623f147df4c8df294d01_5.jpg
HibaLife,http://yayvo.com/buy-injeer-online-anjeer-paste-hiba-life.html,Buy Injeer Online | Anjeer Paste | Hiba Life,Rs.675,None,None,https://d2idx9epdcbzys.cloudfront.net/media/catalog/product/cache/1/small_image/160x200/9df78eab33525d08d6e5fb8d27136e95/7/a/7a9fc1160431da4347f0c5ac161d316b.jpg
Pakistan Store,http://yayvo.com/sathi-plus-saathi-delay-condoms-15-3-pieces-5-1-packet-buy-5-get-1-free.html,Sathi Plus Saathi Delay Condoms 15+3 pieces (5+1 Packet) Buy 5 Get 1 FREE,Rs.342,Rs.450,24%,https://d2idx9epdcbzys.cloudfront.net/media/catalog/product/cache/1/small_image/160x200/9df78eab33525d08d6e5fb8d27136e95/d/3/d3a58d9d116e8fd2cb20fa4172cfad67_1.jpg
Pakistan Store,http://yayvo.com/touch-delay-condoms-a-12-pieces-4-packet.html,Touch Delay Condoms 12 pieces (4 Packet),Rs.248,Rs.300,17%,https://d2idx9epdcbzys.cloudfront.net/media/catalog/product/cache/1/small_image/160x200/9df78eab33525d08d6e5fb8d27136e95/4/f/4fb3958bd8cc220f37436e9b5bad6b26_2.png
Asaan Sports,http://yayvo.com/set-of-3-soft-bat-tennis-ball-and-steel-wickets-set-for-7-8-year-kids.html,"Set of 3 - Soft Bat, Tennis Ball & Steel Wickets Set for 7-8 Year Kids",Rs.975,"Rs.1,050",7%,https://d2idx9epdcbzys.cloudfront.net/media/catalog/product/cache/1/small_image/160x200/9df78eab33525d08d6e5fb8d27136e95/7/5/7535af2dc72ddc71e4b6c2f1e5df36f6.jpg
ACCU-CHEK,http://yayvo.com/accu-chek-instant-s-blood-sugar-test-system-with-10-strips-free.html,Accu Chek Instant S Blood sugar test System With 10 Strips Free,"Rs.1,750","Rs.2,500",30%,https://d2idx9epdcbzys.cloudfront.net/media/catalog/product/cache/1/small_image/160x200/9df78eab33525d08d6e5fb8d27136e95/0/5/058cde0ccba1855e6fbd9a0e4aef57ff.png
As seen on tv,http://yayvo.com/universal-supports-waist-trimmer-belt-blue-20.html,Universal Supports Waist Trimmer Belt- Blue,Rs.925,"Rs.1,350",31%,https://d2idx9epdcbzys.cloudfront.net/media/catalog/product/cache/1/small_image/160x200/9df78eab33525d08d6e5fb8d27136e95/4/9/49e1adb29eb40f1f5ce9294912c7979b.jpg
Cool & Cool,http://yayvo.com/adult-wipes-40-s-8.html,Adult Wipes 40'S,Rs.416,None,None,https://d2idx9epdcbzys.cloudfront.net/media/catalog/product/cache/1/small_image/160x200/9df78eab33525d08d6e5fb8d27136e95/7/8/783c4f1e163b83d335f566bba8383300_2.jpg
Other,http://yayvo.com/anti-dust-face-mouth-nose-mask-mix-color.html,"Anti Dust Face, Mouth & Nose Mask - Mix color",Rs.100,Rs.150,33%,https://d2idx9epdcbzys.cloudfront.net/media/catalog/product/cache/1/small_image/160x200/9df78eab33525d08d6e5fb8d27136e95/2/f/2f4dfb01fce8545f3234fce0c8115ec6_2.jpg
Cool & Cool,http://yayvo.com/sanitizing-wipes-15-s.html,Sanitizing wipes 15's,Rs.250,None,None,https://d2idx9epdcbzys.cloudfront.net/media/catalog/product/cache/1/small_image/160x200/9df78eab33525d08d6e5fb8d27136e95/2/b/2b2dcd154ad99c0e531489ce0b3af956.jpg
Dalda,http://yayvo.com/dalda-cooking-oil-bottle-4-5ltr.html,Dalda Cooking Oil Bottle 4.5Ltr,"Rs.1,499",None,None,https://d2idx9epdcbzys.cloudfront.net/media/catalog/product/cache/1/small_image/160x200/9df78eab33525d08d6e5fb8d27136e95/f/7/f734a3f0339fd9cfc390e4541e299c11_1.jpg
Morinaga,http://yayvo.com/morinaga-bf-1-400gm.html,Morinaga BF 1 - 400gm,"Rs.1,138","Rs.1,165",2%,https://d2idx9epdcbzys.cloudfront.net/media/catalog/product/cache/1/small_image/160x200/9df78eab33525d08d6e5fb8d27136e95/1/a/1a628ee60c23a7fdee326ca4619eb4db_1.jpg
BONAPAPA,http://yayvo.com/bonapapa-xxl.html,Bonapapa - XXL,"Rs.1,250","Rs.1,298",4%,https://d2idx9epdcbzys.cloudfront.net/media/catalog/product/cache/1/small_image/160x200/9df78eab33525d08d6e5fb8d27136e95/f/8/f82676b89947c3c7bcc37e885640e26e_1.jpg
Jazaa Foods,http://yayvo.com/1kg-silver-premium-basmati-rice.html,1KG Silver Premium Basmati Rice,Rs.240,None,None,https://d2idx9epdcbzys.cloudfront.net/media/catalog/product/cache/1/small_image/160x200/9df78eab33525d08d6e5fb8d27136e95/8/4/84aa1ab7bcc6084db8a860df2b050a5a.jpg
Kitchen Made,http://yayvo.com/tomoto-ketchup-500gm.html,Tomoto Ketchup-500gm,Rs.109,None,None,https://d2idx9epdcbzys.cloudfront.net/media/catalog/product/cache/1/small_image/160x200/9df78eab33525d08d6e5fb8d27136e95/e/8/e86cfba4f8d9f576489066c65f698602.jpg
Morinaga,http://yayvo.com/morinaga-bf-3-900gm-8.html,Morinaga BF 3 - 900gm,"Rs.2,601","Rs.2,695",3%,https://d2idx9epdcbzys.cloudfront.net/media/catalog/product/cache/1/small_image/160x200/9df78eab33525d08d6e5fb8d27136e95/3/e/3ed7a020aab280a41907c82ae8de39a7_1.jpg
Nido,http://yayvo.com/nido-bunyad-900gm.html,Nido bunyad - 900gm,Rs.841,Rs.860,2%,https://d2idx9epdcbzys.cloudfront.net/media/catalog/product/cache/1/small_image/160x200/9df78eab33525d08d6e5fb8d27136e95/6/e/6e1bd57c4ae8b9231757ada37ebd2d95_1.jpg
Tux Premium,http://yayvo.com/pack-of-2-multicolor-luxury-serviettes.html,Pack of 2 Multicolor & Luxury Table Napkins,Rs.295,None,None,https://d2idx9epdcbzys.cloudfront.net/media/catalog/product/cache/1/small_image/160x200/9df78eab33525d08d6e5fb8d27136e95/9/2/927bb2850019dad4a211f56d2a3a122c_7.jpg
Meiji,http://yayvo.com/big-vanilla-milk-900gm.html,BIG Vanilla Milk - 900gm,"Rs.2,388","Rs.2,500",4%,https://d2idx9epdcbzys.cloudfront.net/media/catalog/product/cache/1/small_image/160x200/9df78eab33525d08d6e5fb8d27136e95/4/7/475c954a51b9a845ba1ad3dc62d86479.jpg
BONAPAPA,http://yayvo.com/bonapapa-xl.html,Bonapapa - XL,"Rs.1,063","Rs.1,099",3%,https://d2idx9epdcbzys.cloudfront.net/media/catalog/product/cache/1/small_image/160x200/9df78eab33525d08d6e5fb8d27136e95/3/5/35eac68ab861018fb16a8781d79e07a8_1.jpg
Tux Premium,http://yayvo.com/pack-of-2-pop-up-ease.html,Pack of 2 Pop Up & Ease,Rs.250,None,None,https://d2idx9epdcbzys.cloudfront.net/media/catalog/product/cache/1/small_image/160x200/9df78eab33525d08d6e5fb8d27136e95/d/f/df589367c997e852bf6dc6aa219d6f29_9.jpg
Brooke Bond,http://yayvo.com/supreme-tea-950g.html,Supreme Tea 950g,"Rs.1,249",None,None,https://d2idx9epdcbzys.cloudfront.net/media/catalog/product/cache/1/small_image/160x200/9df78eab33525d08d6e5fb8d27136e95/b/0/b0fdbaa4b2788a0bbfb05e38220d6d06_3.png
Nestle,http://yayvo.com/lactogen-1-400gm-4.html,Lactogen 1 - 400gm,Rs.653,Rs.675,3%,https://d2idx9epdcbzys.cloudfront.net/media/catalog/product/cache/1/small_image/160x200/9df78eab33525d08d6e5fb8d27136e95/4/8/48f3c3be3539304249276dab019fbb70_1.jpg
Pediasure,http://yayvo.com/pediasure-vanilla-400gm.html,Pediasure Vanilla - 400gm,"Rs.1,312","Rs.1,348",3%,https://d2idx9epdcbzys.cloudfront.net/media/catalog/product/cache/1/small_image/160x200/9df78eab33525d08d6e5fb8d27136e95/b/a/ba1e87d1d44fe3024e2304c9caf94f3a_1.jpg
Nido,http://yayvo.com/nido-1-400gm.html,Nido 1+ 400gm,Rs.635,Rs.655,3%,https://d2idx9epdcbzys.cloudfront.net/media/catalog/product/cache/1/small_image/160x200/9df78eab33525d08d6e5fb8d27136e95/a/5/a5235d11966530065ca27e53ebd8471a_1.jpg
Nestle,http://yayvo.com/nestle-everyday-950gm.html,Nestle Everyday - 900gm,"Rs.1,099",None,None,https://d2idx9epdcbzys.cloudfront.net/media/catalog/product/cache/1/small_image/160x200/9df78eab33525d08d6e5fb8d27136e95/f/c/fceb7cc816b73e5268d741d695ab9821_3.jpg
Ensure,http://yayvo.com/ensure-strawberry-400gm.html,Ensure Strawberry - 400gm,"Rs.1,494","Rs.1,538",3%,https://d2idx9epdcbzys.cloudfront.net/media/catalog/product/cache/1/small_image/160x200/9df78eab33525d08d6e5fb8d27136e95/0/f/0f60fbcd9775c3fe530da93c1167136b_1.jpg
BONAPAPA,http://yayvo.com/bonapapa-medium.html,Bonapapa - Medium,Rs.938,Rs.955,2%,https://d2idx9epdcbzys.cloudfront.net/media/catalog/product/cache/1/small_image/160x200/9df78eab33525d08d6e5fb8d27136e95/e/d/ed71af9969687f0ba9f52bae18fe699a_1.jpg
Tux Premium,http://yayvo.com/pack-of-2-square-dawat-pack.html,Pack of 2 Square & Dawat Pack,Rs.240,None,None,https://d2idx9epdcbzys.cloudfront.net/media/catalog/product/cache/1/small_image/160x200/9df78eab33525d08d6e5fb8d27136e95/d/c/dc1e3ae56ad15d5571ec2924352356c1_9.jpg
SOFT,http://yayvo.com/soft-3-600gm.html,Soft 3 - 600gm,"Rs.1,106","Rs.1,140",3%,https://d2idx9epdcbzys.cloudfront.net/media/catalog/product/cache/1/small_image/160x200/9df78eab33525d08d6e5fb8d27136e95/e/e/ee58afbba1cbeea8acaf4c30469d1add_1.jpg
Meiji,http://yayvo.com/meiji-fu-400gm-follow-up-formula-milk-powder.html,Meiji Fu 400gm Follow Up Formula milk powder,"Rs.1,129","Rs.1,250",10%,https://d2idx9epdcbzys.cloudfront.net/media/catalog/product/cache/1/small_image/160x200/9df78eab33525d08d6e5fb8d27136e95/2/9/29c8b6b012010ead7d06677ec20287d8.jpg
Tux Premium,http://yayvo.com/pack-of-4-grand-100-dawat-pack.html,Pack of 4 Grand 100 & Dawat Pack,Rs.460,None,None,https://d2idx9epdcbzys.cloudfront.net/media/catalog/product/cache/1/small_image/160x200/9df78eab33525d08d6e5fb8d27136e95/8/4/8476dfcbaf5e7d2c0d6f43d9e43b3c6c_9.jpg
Olper's,http://yayvo.com/olpers-milk-carton-1litr-x-12.html,Olpers Milk Carton - 1Litr x 12,"Rs.2,199",None,None,https://d2idx9epdcbzys.cloudfront.net/media/catalog/product/cache/1/small_image/160x200/9df78eab33525d08d6e5fb8d27136e95/6/2/620873efab2be6f59f881521b72f4554.jpg
SOFT,http://yayvo.com/soft-3-900gm.html,Soft 3 - 900gm,"Rs.1,588","Rs.1,610",1%,https://d2idx9epdcbzys.cloudfront.net/media/catalog/product/cache/1/small_image/160x200/9df78eab33525d08d6e5fb8d27136e95/3/8/38e28093701d6abf331a0236a69f08bc_1.jpg
Nestle,http://yayvo.com/lactogen-recover.html,Lactogen recover,Rs.394,Rs.415,5%,https://d2idx9epdcbzys.cloudfront.net/media/catalog/product/cache/1/small_image/160x200/9df78eab33525d08d6e5fb8d27136e95/4/d/4dd5537715efb0e2a46ead9424e15d02_1.jpg
Morinaga,http://yayvo.com/morinaga-bf-3-400gm.html,Morinaga BF 3 - 400gm,"Rs.1,138","Rs.1,160",2%,https://d2idx9epdcbzys.cloudfront.net/media/catalog/product/cache/1/small_image/160x200/9df78eab33525d08d6e5fb8d27136e95/d/e/ded15636f935f8de2ae03db0b76f3b59_1.jpg
Mehran,http://yayvo.com/plum-chutni-400-gm.html,Plum Chutni - 400 gm,Rs.202,Rs.225,10%,https://d2idx9epdcbzys.cloudfront.net/media/catalog/product/cache/1/small_image/160x200/9df78eab33525d08d6e5fb8d27136e95/e/0/e00a5e8a749436b96aec5a2dcfa94df0_1.jpg
Morinaga,http://yayvo.com/morinaga-soft-3-300gm.html,Morinaga soft 3 - 300gm,Rs.582,Rs.610,5%,https://d2idx9epdcbzys.cloudfront.net/media/catalog/product/cache/1/small_image/160x200/9df78eab33525d08d6e5fb8d27136e95/5/d/5d0471617fe2323fadd24d6c5d1904ac_1.jpg
Nido,http://yayvo.com/fortigrow-910gm.html,fortigrow - 910gm,"Rs.1,106","Rs.1,130",2%,https://d2idx9epdcbzys.cloudfront.net/media/catalog/product/cache/1/small_image/160x200/9df78eab33525d08d6e5fb8d27136e95/3/f/3ff653adc0cf2636657b84ed91ee9f1b_1.jpeg
Nestle,http://yayvo.com/lactogrow-3-400gm.html,Lactogrow 3 - 400gm,Rs.676,Rs.700,3%,https://d2idx9epdcbzys.cloudfront.net/media/catalog/product/cache/1/small_image/160x200/9df78eab33525d08d6e5fb8d27136e95/9/0/908542f039a362041110dbd36061a15f_1.jpg
Nido,http://yayvo.com/nido-1-kg.html,Nido 1+ kg,"Rs.1,435","Rs.1,460",2%,https://d2idx9epdcbzys.cloudfront.net/media/catalog/product/cache/1/small_image/160x200/9df78eab33525d08d6e5fb8d27136e95/b/5/b53ea134cd726546663fcbabf66b20fb_1.jpg
